0,正,簡,隋文,華文,韓文,日文,注音,諺文,仮名
1,趙,赵,Driéu,Zhào,Jo,Tyô,ㄓㄠˋ,조,チョウ
2,錢,钱,Dzien,Qián,Jeon,Sen,ㄑㄧㄢˊ,전,セン
3,孫,孙,Sun,Sūn,Son,Son,ㄙㄨㄣ,손,ソン
4,李,李,Liə́,Lǐ,Ri,Ri,ㄌㄧˇ,리,リ
5,周,周,Tyu,Zhōu,Ju,Syû,ㄓㄡ,주,シュウ
6,吳,吴,Ŋo,Wú,O,Go,ㄨˊ,오,ゴ
7,鄭,郑,Drièŋ,Zhèng,Jeong,Tei,ㄓㄥˋ,정,テイ
8,王,王,Ghyaŋ,Wáng,Wang,Ô,ㄨㄤˊ,왕,オウ
9,馮,冯,Byuŋ,Féng,Pung,Hô,ㄈㄥˊ,풍,ホウ
10,陳,陈,Drin,Chén,Jin,Tin,ㄔㄣˊ,진,チン
11,褚,褚,Thrió,Chǔ,Jeo,Tyo,ㄔㄨˇ,저,チョ
12,衞,卫,Ghryèi,Wèi,Wi,Ei,ㄨㄟˋ,위,エイ
13,蔣,蒋,Ciáŋ,Jiǎng,Jang,Syô,ㄐㄧㄤˇ,장,ショウ
14,沈,沈,Shím,Shěn,Sim,Sin,ㄕㄣˇ,심,シン
15,韓,韩,Ghan,Hán,Han,Han,ㄏㄢˊ,한,ハン
16,楊,杨,Jiaŋ,Yáng,Yang,Yô,ㄧㄤˊ,양,ヨウ
17,朱,朱,Tyo,Zhū,Ju,Syu,ㄓㄨ,주,シュ
18,秦,秦,Dzin,Qín,Jin,Sin,ㄑㄧㄣˊ,진,シン
19,尤,尤,Ghyu,Yóu,U,Yû,ㄧㄡˊ,우,ユウ
20,許,许,Qhió,Xǔ,Heo,Kyo,ㄒㄩˇ,허,キョ
21,何,何,Gha,Hé,Ha,Ka,ㄏㄜˊ,하,カ
22,呂,吕,Lió,Lǚ,Ryeo,Ryo,ㄌㄩˇ,려,リョ
23,施,施,Shie,Shī,Si,Si,ㄕ,시,シ
24,張,张,Triaŋ,Zhāng,Jang,Tyô,ㄓㄤ,장,チョウ
25,孔,孔,Khóŋ,Kǒng,Gong,Kô,ㄎㄨㄥˇ,공,コウ
26,曹,曹,Dzau,Cáo,Jo,Sô,ㄘㄠˊ,조,ソウ
27,嚴,严,Ŋiam,Yán,Eom,Gen,ㄧㄢˊ,엄,ゲン
28,華,华,Ghruà,Huà,Hwa,Ka,ㄏㄨㄚˋ,화,カ
29,金,金,Krim,Jīn,Gim,Kin,ㄐㄧㄣ,김,キン
30,魏,魏,Ŋyùi,Wèi,Wi,Gi,ㄨㄟˋ,위,ギ
31,陶,陶,Dau,Táo,Do,Tô,ㄊㄠˊ,도,トウ
32,姜,姜,Kiaŋ,Jiāng,Gang,Kyô,ㄐㄧㄤ,강,キョウ
33,戚,戚,Chek,Qī,Cheok,Seki,ㄑㄧ,척,セキ
34,謝,谢,Zià,Xiè,Sa,Sya,ㄒㄧㄝˋ,사,シャ
35,鄒,邹,Cryu,Zōu,Chu,Sû,ㄗㄡ,추,スウ
36,喩,喻,Jyò,Yù,Yu,Yu,ㄩˋ,유,ユ
37,柏,柏,Prak,Bǎi,Baek,Haku,ㄅㄞˇ,백,ハク
38,水,水,Shýi,Shuǐ,Su,Sui,ㄕㄨㄟˇ,수,スイ
39,竇,窦,Dòu,Dòu,Du,Tô,ㄉㄡˋ,두,トウ
40,章,章,Tiaŋ,Zhāng,Jang,Syô,ㄓㄤ,장,ショウ
41,雲,云,Ghyun,Yún,Un,Un,ㄩㄣˊ,운,ウン
42,蘇,苏,So,Sū,So,So,ㄙㄨ,소,ソ
43,潘,潘,Phan,Pān,Ban,Han,ㄆㄢ,반,ハン
44,葛,葛,Kat,Gě,Gal,Katu,ㄍㄜˇ,갈,カツ
45,奚,奚,Ghei,Xī,Hae,Kei,ㄒㄧ,해,ケイ
46,范,范,Byóm,Fàn,Beom,Han,ㄈㄢˋ,범,ハン
47,彭,彭,Braŋ,Péng,Paeng,Hô,ㄆㄥˊ,팽,ホウ
48,郎,郎,Laŋ,Láng,Rang,Rô,ㄌㄤˊ,랑,ロウ
49,魯,鲁,Ló,Lǔ,Ro,Ro,ㄌㄨˇ,로,ロ
50,韋,韦,Ghyui,Wéi,Wi,I,ㄨㄟˊ,위,イ
51,昌,昌,Thiaŋ,Chāng,Chang,Syô,ㄔㄤ,창,ショウ
52,馬,马,Mrá,Mǎ,Ma,Ba,ㄇㄚˇ,마,バ
53,苗,苗,Mrieu,Miáo,Myo,Byô,ㄇㄧㄠˊ,묘,ビョウ
54,鳳,凤,Byùŋ,Fèng,Bong,Hô,ㄈㄥˋ,봉,ホウ
55,花,花,Qhrua,Huā,Hwa,Ka,ㄏㄨㄚ,화,カ
56,方,方,Piaŋ,Fāng,Bang,Hô,ㄈㄤ,방,ホウ
57,兪,俞,Jyo,Yú,Yu,Yu,ㄩˊ,유,ユ
58,任,任,Nim,Rén,Im,Zin,ㄖㄣˊ,임,ジン
59,袁,袁,Ghyan,Yuán,Won,En,ㄩㄢˊ,원,エン
60,柳,柳,Lyú,Liǔ,Ryu,Ryû,ㄌㄧㄡˇ,류,リュウ
61,酆,酆,Phyuŋ,Fēng,Pung,Hô,ㄈㄥ,풍,ホウ
62,鮑,鲍,Bráu,Bào,Po,Hô,ㄅㄠˋ,포,ホウ
63,史,史,Sriə́,Shǐ,Sa,Si,ㄕˇ,사,シ
64,唐,唐,Daŋ,Táng,Dang,Tô,ㄊㄤˊ,당,トウ
65,費,费,Byùi,Fèi,Bi,Hi,ㄈㄟˋ,비,ヒ
66,廉,廉,Liem,Lián,Ryeom,Ren,ㄌㄧㄢˊ,렴,レン
67,岑,岑,Dzrim,Cén,Jam,Sin,ㄘㄣˊ,잠,シン
68,薛,薛,Siet,Xuē,Seol,Setu,ㄒㄩㄝ,설,セツ
69,雷,雷,Lui,Léi,Roe,Rai,ㄌㄟˊ,뢰,ライ
70,賀,贺,Ghà,Hè,Ha,Ka,ㄏㄜˋ,하,カ
71,倪,倪,Ŋei,Ní,Ye,Gei,ㄋㄧˊ,예,ゲイ
72,湯,汤,Thaŋ,Tāng,Tang,Tô,ㄊㄤ,탕,トウ
73,滕,滕,Dəŋ,Téng,Deung,Tô,ㄊㄥˊ,등,トウ
74,殷,殷,Qiən,Yīn,Eun,In,ㄧㄣ,은,イン
75,羅,罗,La,Luó,Ra,Ra,ㄌㄨㄛˊ,라,ラ
76,畢,毕,Pit,Bì,Pil,Hitu,ㄅㄧˋ,필,ヒツ
77,郝,郝,Qhak,Hǎo,Hak,Kaku,ㄏㄠˇ,학,カク
78,鄔,邬,Qó,Wū,O,O,ㄨ,오,オ
79,安,安,Qan,Ān,An,An,ㄢ,안,アン
80,常,常,Diaŋ,Cháng,Sang,Syô,ㄔㄤˊ,상,ショウ
81,樂,乐,Ŋrok,Yuè,Ak,Gaku,ㄩㄝˋ,악,ガク
82,于,于,Ghyo,Yú,U,U,ㄩˊ,우,ウ
83,時,时,Diə,Shí,Si,Si,ㄕˊ,시,シ
84,傅,傅,Pyò,Fù,Bu,Hu,ㄈㄨˋ,부,フ
85,皮,皮,Brie,Pí,Pi,Hi,ㄆㄧˊ,피,ヒ
86,卞,卞,Brièn,Biàn,Byeon,Hen,ㄅㄧㄢˋ,변,ヘン
87,齊,齐,Dzei,Qí,Je,Sei,ㄑㄧˊ,제,セイ
88,康,康,Khaŋ,Kāng,Gang,Kô,ㄎㄤ,강,コウ
89,伍,伍,Ŋó,Wǔ,O,Go,ㄨˇ,오,ゴ
90,余,余,Jio,Yú,Yeo,Yo,ㄩˊ,여,ヨ
91,元,元,Ŋyan,Yuán,Won,Gen,ㄩㄢˊ,원,ゲン
92,卜,卜,Pok,Bǔ,Bok,Hoku,ㄅㄨˇ,복,ホク
93,顧,顾,Kò,Gù,Go,Ko,ㄍㄨˋ,고,コ
94,孟,孟,Mràŋ,Mèng,Maeng,Bô,ㄇㄥˋ,맹,ボウ
95,平,平,Brieŋ,Píng,Pyeong,Hei,ㄆㄧㄥˊ,평,ヘイ
96,黃,黄,Ghuaŋ,Huáng,Hwang,Kô,ㄏㄨㄤˊ,황,コウ
97,和,和,Ghua,Hé,Hwa,Ka,ㄏㄜˊ,화,カ
98,穆,穆,Myuk,Mù,Mok,Boku,ㄇㄨˋ,목,ボク
99,蕭,萧,Seu,Xiāo,So,Syô,ㄒㄧㄠ,소,ショウ
100,尹,尹,Jýn,Yǐn,Yun,In,ㄧㄣˇ,윤,イン
101,姚,姚,Jieu,Yáo,Yo,Yô,ㄧㄠˊ,요,ヨウ
102,邵,邵,Dièu,Shào,So,Tyô,ㄕㄠˋ,소,チョウ
103,湛,湛,Drém,Zhàn,Dam,Tan,ㄓㄢˋ,담,タン
104,汪,汪,Quaŋ,Wāng,Wang,Ô,ㄨㄤ,왕,オウ
105,祁,祁,Gi,Qí,Gi,Ki,ㄑㄧˊ,기,キ
106,毛,毛,Mau,Máo,Mo,Bô,ㄇㄠˊ,모,ボウ
107,禹,禹,Ghyó,Yǔ,U,U,ㄩˇ,우,ウ
108,狄,狄,Dek,Dí,Jeok,Teki,ㄉㄧˊ,적,テキ
109,米,米,Méi,Mǐ,Mi,Bei,ㄇㄧˇ,미,ベイ
110,貝,贝,Pài,Bèi,Pae,Hai,ㄅㄟˋ,패,ハイ
111,明,明,Mrieŋ,Míng,Myeong,Mei,ㄇㄧㄥˊ,명,メイ
112,臧,臧,Caŋ,Zāng,Jang,Sô,ㄗㄤ,장,ソウ
113,計,计,Kèi,Jì,Gye,Kei,ㄐㄧˋ,계,ケイ
114,伏,伏,Byuk,Fú,Bok,Huku,ㄈㄨˊ,복,フク
115,成,成,Dieŋ,Chéng,Seong,Sei,ㄔㄥˊ,성,セイ
116,戴,戴,Tə̀i,Dài,Dae,Tai,ㄉㄞˋ,대,タイ
117,談,谈,Dam,Tán,Dam,Tan,ㄊㄢˊ,담,タン
118,宋,宋,Sùŋ,Sòng,Song,Sô,ㄙㄨㄥˋ,송,ソウ
119,茅,茅,Mrau,Máo,Mo,Bô,ㄇㄠˊ,모,ボウ
120,龐,庞,Broŋ,Páng,Bang,Hô,ㄆㄤˊ,방,ホウ
121,熊,熊,Ghyuŋ,Xióng,Ung,Yû,ㄒㄩㄥˊ,웅,ユウ
122,紀,纪,Kiə́,Jǐ,Gi,Ki,ㄐㄧˇ,기,キ
123,舒,舒,Shio,Shū,Seo,Syo,ㄕㄨ,서,ショ
124,屈,屈,Kyut,Qū,Gul,Kutu,ㄑㄩ,굴,クツ
125,項,项,Ghróŋ,Xiàng,Hang,Kô,ㄒㄧㄤˋ,항,コウ
126,祝,祝,Tyuk,Zhù,Chuk,Syuku,ㄓㄨˋ,축,シュク
127,董,董,Tóŋ,Dǒng,Dong,Tô,ㄉㄨㄥˇ,동,トウ
128,梁,梁,Liaŋ,Liáng,Ryang,Ryô,ㄌㄧㄤˊ,량,リョウ
129,杜,杜,Dó,Dù,Du,To,ㄉㄨˋ,두,ト
130,阮,阮,Ŋyán,Ruǎn,Wan,Gen,ㄖㄨㄢˇ,완,ゲン
131,藍,蓝,Lam,Lán,Ram,Ran,ㄌㄢˊ,람,ラン
132,閔,闵,Mrín,Mǐn,Min,Bin,ㄇㄧㄣˇ,민,ビン
133,席,席,Ziek,Xí,Seok,Seki,ㄒㄧˊ,석,セキ
134,季,季,Kỳi,Jì,Gye,Ki,ㄐㄧˋ,계,キ
135,麻,麻,Mra,Má,Ma,Ba,ㄇㄚˊ,마,バ
136,強,强,Giaŋ,Qiáng,Gang,Kyô,ㄑㄧㄤˊ,강,キョウ
137,賈,贾,Krá,Jiǎ,Ga,Ka,ㄐㄧㄚˇ,가,カ
138,路,路,Lò,Lù,Ro,Ro,ㄌㄨˋ,로,ロ
139,婁,娄,Lou,Lóu,Ru,Rô,ㄌㄡˊ,루,ロウ
140,危,危,Ŋrye,Wēi,Wi,Gi,ㄨㄟ,위,ギ
141,江,江,Kroŋ,Jiāng,Gang,Kô,ㄐㄧㄤ,강,コウ
142,童,童,Doŋ,Tóng,Dong,Tô,ㄊㄨㄥˊ,동,トウ
143,顏,颜,Ŋran,Yán,An,Gan,ㄧㄢˊ,안,ガン
144,郭,郭,Kuak,Guō,Gwak,Kaku,ㄍㄨㄛ,곽,カク
145,梅,梅,Mui,Méi,Mae,Bai,ㄇㄟˊ,매,バイ
146,盛,盛,Dièŋ,Shèng,Seong,Sei,ㄕㄥˋ,성,セイ
147,林,林,Lim,Lín,Rim,Rin,ㄌㄧㄣˊ,림,リン
148,刁,刁,Teu,Diāo,Jo,Tyô,ㄉㄧㄠ,조,チョウ
149,鍾,钟,Tyoŋ,Zhōng,Jong,Syô,ㄓㄨㄥ,종,ショウ
150,徐,徐,Zio,Xú,Seo,Syo,ㄒㄩˊ,서,ショ
151,邱,邱,Khyu,Qiū,Gu,Kyû,ㄑㄧㄡ,구,キュウ
152,駱,骆,Lak,Luò,Rak,Raku,ㄌㄨㄛˋ,락,ラク
153,高,高,Kau,Gāo,Go,Kô,ㄍㄠ,고,コウ
154,夏,夏,Ghrá,Xià,Ha,Ka,ㄒㄧㄚˋ,하,カ
155,蔡,蔡,Chài,Cài,Chae,Sai,ㄘㄞˋ,채,サイ
156,田,田,Den,Tián,Jeon,Ten,ㄊㄧㄢˊ,전,テン
157,樊,樊,Bian,Fán,Beon,Han,ㄈㄢˊ,번,ハン
158,胡,胡,Gho,Hú,Ho,Ko,ㄏㄨˊ,호,コ
159,凌,凌,Liəŋ,Líng,Reung,Ryô,ㄌㄧㄥˊ,릉,リョウ
160,霍,霍,Qhuak,Huò,Gwak,Kaku,ㄏㄨㄛˋ,곽,カク
161,虞,虞,Ŋyo,Yú,U,Gu,ㄩˊ,우,グ
162,萬,万,Miàn,Wàn,Man,Ban,ㄨㄢˋ,만,バン
163,支,支,Tie,Zhī,Ji,Si,ㄓ,지,シ
164,柯,柯,Ka,Kē,Ga,Ka,ㄎㄜ,가,カ
165,昝,昝,Cə́m,Zǎn,Jam,San,ㄗㄢˇ,잠,サン
166,管,管,Kuán,Guǎn,Gwan,Kan,ㄍㄨㄢˇ,관,カン
167,盧,卢,Lo,Lú,Ro,Ro,ㄌㄨˊ,로,ロ
168,莫,莫,Mak,Mò,Mak,Baku,ㄇㄛˋ,막,バク
169,經,经,Keŋ,Jīng,Gyeong,Kei,ㄐㄧㄥ,경,ケイ
170,房,房,Biaŋ,Fáng,Bang,Hô,ㄈㄤˊ,방,ホウ
171,裘,裘,Gyu,Qiú,Gu,Kyû,ㄑㄧㄡˊ,구,キュウ
172,繆,缪,Mriə̀u,Miào,Mu,Byû,ㄇㄧㄠˋ,무,ビュウ
173,干,干,Kan,Gān,Gan,Kan,ㄍㄢ,간,カン
174,解,解,Ghré,Xiè,Hae,Kai,ㄒㄧㄝˋ,해,カイ
175,應,应,Qiəŋ,Yīng,Eung,Ô,ㄧㄥ,응,オウ
176,宗,宗,Cuŋ,Zōng,Jong,Sô,ㄗㄨㄥ,종,ソウ
177,丁,丁,Teŋ,Dīng,Jeong,Tei,ㄉㄧㄥ,정,テイ
178,宣,宣,Syen,Xuān,Seon,Sen,ㄒㄩㄢ,선,セン
179,賁,贲,Byui,Bēn,Bi,Hi,ㄅㄣ,비,ヒ
180,鄧,邓,Də̀ŋ,Dèng,Deung,Tô,ㄉㄥˋ,등,トウ
181,郁,郁,Qyuk,Yù,Uk,Iku,ㄩˋ,욱,イク
182,單,单,Dién,Shàn,Seon,Sen,ㄕㄢˋ,선,セン
183,杭,杭,Ghaŋ,Háng,Hang,Kô,ㄏㄤˊ,항,コウ
184,洪,洪,Ghoŋ,Hóng,Hong,Kô,ㄏㄨㄥˊ,홍,コウ
185,包,包,Prau,Bāo,Po,Hô,ㄅㄠ,포,ホウ
186,諸,诸,Tio,Zhū,Je,Syo,ㄓㄨ,제,ショ
187,左,左,Cá,Zuǒ,Jwa,Sa,ㄗㄨㄛˇ,좌,サ
188,石,石,Diek,Shí,Seok,Seki,ㄕˊ,석,セキ
189,崔,崔,Chui,Cuī,Choe,Sai,ㄘㄨㄟ,최,サイ
190,吉,吉,Kit,Jí,Gil,Kitu,ㄐㄧˊ,길,キツ
191,鈕,钮,Nryú,Niǔ,Nyu,Zyû,ㄋㄧㄡˇ,뉴,ジュウ
192,龔,龚,Kyoŋ,Gōng,Gong,Kyô,ㄍㄨㄥ,공,キョウ
193,程,程,Drieŋ,Chéng,Jeong,Tei,ㄔㄥˊ,정,テイ
194,嵇,嵇,Ghei,Jī,Hye,Kei,ㄐㄧ,혜,ケイ
195,邢,邢,Gheŋ,Xíng,Hyeong,Kei,ㄒㄧㄥˊ,형,ケイ
196,滑,滑,Ghruet,Huá,Hwal,Katu,ㄏㄨㄚˊ,활,カツ
197,裴,裴,Bui,Péi,Bae,Hai,ㄆㄟˊ,배,ハイ
198,陸,陆,Lyuk,Lù,Ryuk,Riku,ㄌㄨˋ,륙,リク
199,榮,荣,Ghryeŋ,Róng,Yeong,Ei,ㄖㄨㄥˊ,영,エイ
200,翁,翁,Qoŋ,Wēng,Ong,Ô,ㄨㄥ,옹,オウ
201,荀,荀,Syn,Xún,Sun,Syun,ㄒㄩㄣˊ,순,シュン
202,羊,羊,Jiaŋ,Yáng,Yang,Yô,ㄧㄤˊ,양,ヨウ
203,於,於,Qio,Yū,Eo,Yo,ㄩ,어,ヨ
204,惠,惠,Ghuèi,Huì,Hye,Kei,ㄏㄨㄟˋ,혜,ケイ
205,甄,甄,Tin,Zhēn,Jin,Sin,ㄓㄣ,진,シン
206,麴,麴,Khyuk,Qū,Guk,Kiku,ㄑㄩ,국,キク
207,家,家,Kra,Jiā,Ga,Ka,ㄐㄧㄚ,가,カ
208,封,封,Pyoŋ,Fēng,Bong,Hô,ㄈㄥ,봉,ホウ
209,芮,芮,Nyèi,Ruì,Ye,Zei,ㄖㄨㄟˋ,예,ゼイ
210,羿,羿,Ŋèi,Yì,Ye,Gei,ㄧˋ,예,ゲイ
211,儲,储,Drio,Chǔ,Jeo,Tyo,ㄔㄨˇ,저,チョ
212,靳,靳,Kiə̀n,Jìn,Geun,Kin,ㄐㄧㄣˋ,근,キン
213,汲,汲,Krip,Jí,Geup,Kyû,ㄐㄧˊ,급,キュウ
214,邴,邴,Priéŋ,Bǐng,Byeong,Hei,ㄅㄧㄥˇ,병,ヘイ
215,糜,糜,Mrie,Mí,Mi,Bi,ㄇㄧˊ,미,ビ
216,松,松,Zyoŋ,Sōng,Song,Syô,ㄙㄨㄥ,송,ショウ
217,井,井,Ciéŋ,Jǐng,Jeong,Sei,ㄐㄧㄥˇ,정,セイ
218,段,段,Duàn,Duàn,Dan,Tan,ㄉㄨㄢˋ,단,タン
219,富,富,Pyù,Fù,Bu,Hu,ㄈㄨˋ,부,フ
220,巫,巫,Myo,Wū,Mu,Bu,ㄨ,무,ブ
221,烏,乌,Qo,Wū,O,O,ㄨ,오,オ
222,焦,焦,Cieu,Jiāo,Cho,Syô,ㄐㄧㄠ,초,ショウ
223,巴,巴,Pra,Bā,Pa,Ha,ㄅㄚ,파,ハ
224,弓,弓,Kyuŋ,Gōng,Gung,Kyû,ㄍㄨㄥ,궁,キュウ
225,牧,牧,Myuk,Mù,Mok,Boku,ㄇㄨˋ,목,ボク
226,隗,隗,Ŋúi,Wěi,Oe,Gai,ㄨㄟˇ,외,ガイ
227,山,山,Sren,Shān,San,San,ㄕㄢ,산,サン
228,谷,谷,Kok,Gǔ,Gok,Koku,ㄍㄨˇ,곡,コク
229,車,车,Thia,Chē,Cha,Sya,ㄔㄜ,차,シャ
230,侯,侯,Ghou,Hóu,Hu,Kô,ㄏㄡˊ,후,コウ
231,宓,宓,Byuk,Mì,Bok,Huku,ㄇㄧˋ,복,フク
232,蓬,蓬,Boŋ,Péng,Bong,Hô,ㄆㄥˊ,봉,ホウ
233,全,全,Dzyen,Quán,Jeon,Sen,ㄑㄩㄢˊ,전,セン
234,郗,郗,Thri,Xī,Chi,Ti,ㄒㄧ,치,チ
235,班,班,Pran,Bān,Ban,Han,ㄅㄢ,반,ハン
236,仰,仰,Ŋiáŋ,Yǎng,Ang,Gyô,ㄧㄤˇ,앙,ギョウ
237,秋,秋,Chyu,Qiū,Chu,Syû,ㄑㄧㄡ,추,シュウ
238,仲,仲,Dryùŋ,Zhòng,Jung,Tyû,ㄓㄨㄥˋ,중,チュウ
239,伊,伊,Qi,Yī,I,I,ㄧ,이,イ
240,宮,宫,Kyuŋ,Gōng,Gung,Kyû,ㄍㄨㄥ,궁,キュウ
241,甯,宁,Nèŋ,Nìng,Nyeong,Zei,ㄋㄧㄥˋ,녕,ゼイ
242,仇,仇,Gyu,Qiú,Gu,Kyû,ㄑㄧㄡˊ,구,キュウ
243,欒,栾,Luan,Luán,Ran,Ran,ㄌㄨㄢˊ,란,ラン
244,暴,暴,Bàu,Bào,Po,Hô,ㄅㄠˋ,포,ホウ
245,甘,甘,Kam,Gān,Gam,Kan,ㄍㄢ,감,カン
246,鈄,钭,Thóu,Tǒu,Du,Tô,ㄊㄡˇ,두,トウ
247,厲,厉,Lièi,Lì,Ryeo,Rei,ㄌㄧˋ,려,レイ
248,戎,戎,Nyuŋ,Róng,Yung,Zyû,ㄖㄨㄥˊ,융,ジュウ
249,祖,祖,Có,Zǔ,Jo,So,ㄗㄨˇ,조,ソ
250,武,武,Myó,Wǔ,Mu,Bu,ㄨˇ,무,ブ
251,符,符,Byo,Fú,Bu,Hu,ㄈㄨˊ,부,フ
252,劉,刘,Lyu,Liú,Ryu,Ryû,ㄌㄧㄡˊ,류,リュウ
253,景,景,Kriéŋ,Jǐng,Gyeong,Kei,ㄐㄧㄥˇ,경,ケイ
254,詹,詹,Tiem,Zhān,Cheom,Sen,ㄓㄢ,첨,セン
255,束,束,Shyok,Shù,Sok,Syoku,ㄕㄨˋ,속,ショク
256,龍,龙,Lyoŋ,Lóng,Ryong,Ryô,ㄌㄨㄥˊ,룡,リョウ
257,葉,叶,Shiep,Yè,Yeop,Syô,ㄧㄝˋ,엽,ショウ
258,幸,幸,Ghréŋ,Xìng,Haeng,Kô,ㄒㄧㄥˋ,행,コウ
259,司,司,Siə,Sī,Sa,Si,ㄙ,사,シ
260,韶,韶,Dieu,Sháo,So,Syô,ㄕㄠˊ,소,ショウ
261,郜,郜,Kàu,Gào,Go,Kô,ㄍㄠˋ,고,コウ
262,黎,黎,Lei,Lí,Ryeo,Rei,ㄌㄧˊ,려,レイ
263,薊,蓟,Kèi,Jì,Gye,Kei,ㄐㄧˋ,계,ケイ
264,薄,薄,Bak,Bó,Bak,Haku,ㄅㄛˊ,박,ハク
265,印,印,Qìn,Yìn,In,In,ㄧㄣˋ,인,イン
266,宿,宿,Syuk,Sù,Suk,Syuku,ㄙㄨˋ,숙,シュク
267,白,白,Brak,Bái,Baek,Haku,ㄅㄞˊ,백,ハク
268,懷,怀,Ghruei,Huái,Hoe,Kai,ㄏㄨㄞˊ,회,カイ
269,蒲,蒲,Bo,Pú,Po,Ho,ㄆㄨˊ,포,ホ
270,邰,邰,Thəi,Tái,Tae,Tai,ㄊㄞˊ,태,タイ
271,從,从,Dzyoŋ,Cóng,Jong,Syô,ㄘㄨㄥˊ,종,ショウ
272,鄂,鄂,Ŋak,È,Ak,Gaku,ㄜˋ,악,ガク
273,索,索,Sak,Suǒ,Saek,Saku,ㄙㄨㄛˇ,색,サク
274,咸,咸,Ghrem,Xián,Ham,Kan,ㄒㄧㄢˊ,함,カン
275,籍,籍,Dziek,Jí,Jeok,Seki,ㄐㄧˊ,적,セキ
276,賴,赖,Lài,Lài,Roe,Rai,ㄌㄞˋ,뢰,ライ
277,卓,卓,Trok,Zhuó,Tak,Taku,ㄓㄨㄛˊ,탁,タク
278,藺,蔺,Lìn,Lìn,Rin,Rin,ㄌㄧㄣˋ,린,リン
279,屠,屠,Do,Tú,Do,To,ㄊㄨˊ,도,ト
280,蒙,蒙,Moŋ,Méng,Mong,Bô,ㄇㄥˊ,몽,ボウ
281,池,池,Drie,Chí,Ji,Ti,ㄔˊ,지,チ
282,喬,乔,Grieu,Qiáo,Gyo,Kyô,ㄑㄧㄠˊ,교,キョウ
283,陰,阴,Qrim,Yīn,Eum,In,ㄧㄣ,음,イン
284,鬱,郁,Qyut,Yù,Ul,Utu,ㄩˋ,울,ウツ
285,胥,胥,Sio,Xū,Seo,Syo,ㄒㄩ,서,ショ
286,能,能,Nə̀i,Nài,Nae,Dai,ㄋㄞˋ,내,ダイ
287,蒼,苍,Chaŋ,Cāng,Chang,Sô,ㄘㄤ,창,ソウ
288,雙,双,Sroŋ,Shuāng,Ssang,Sô,ㄕㄨㄤ,쌍,ソウ
289,聞,闻,Myun,Wén,Mun,Bun,ㄨㄣˊ,문,ブン
290,莘,莘,Srin,Shēn,Sin,Sin,ㄕㄣ,신,シン
291,黨,党,Táŋ,Dǎng,Dang,Tô,ㄉㄤˇ,당,トウ
292,翟,翟,Drak,Zhái,Jeok,Taku,ㄓㄞˊ,적,タク
293,譚,谭,Dəm,Tán,Dam,Tan,ㄊㄢˊ,담,タン
294,貢,贡,Kòŋ,Gòng,Gong,Kô,ㄍㄨㄥˋ,공,コウ
295,勞,劳,Lau,Láo,Ro,Rô,ㄌㄠˊ,로,ロウ
296,逄,逄,Broŋ,Páng,Bang,Hô,ㄆㄤˊ,방,ホウ
297,姬,姬,Kiə,Jī,Hui,Ki,ㄐㄧ,희,キ
298,申,申,Shin,Shēn,Sin,Sin,ㄕㄣ,신,シン
299,扶,扶,Byo,Fú,Bu,Hu,ㄈㄨˊ,부,フ
300,堵,堵,Tó,Dǔ,Do,To,ㄉㄨˇ,도,ト
301,冉,冉,Niém,Rǎn,Yeom,Zen,ㄖㄢˇ,염,ゼン
302,宰,宰,Cə́i,Zǎi,Jae,Sai,ㄗㄞˇ,재,サイ
303,酈,郦,Lek,Lì,Ryeok,Reki,ㄌㄧˋ,력,レキ
304,雍,雍,Qyoŋ,Yōng,Ong,Yô,ㄩㄥ,옹,ヨウ
305,郤,郤,Khriek,Xì,Geuk,Keki,ㄒㄧˋ,극,ケキ
306,璩,璩,Gio,Qú,Geo,Kyo,ㄑㄩˊ,거,キョ
307,桑,桑,Saŋ,Sāng,Sang,Sô,ㄙㄤ,상,ソウ
308,桂,桂,Kuèi,Guì,Gye,Kei,ㄍㄨㄟˋ,계,ケイ
309,濮,濮,Pok,Pú,Bok,Hoku,ㄆㄨˊ,복,ホク
310,牛,牛,Ŋyu,Niú,U,Gyû,ㄋㄧㄡˊ,우,ギュウ
311,壽,寿,Dyú,Shòu,Su,Syû,ㄕㄡˋ,수,シュウ
312,通,通,Thoŋ,Tōng,Tong,Tô,ㄊㄨㄥ,통,トウ
313,邊,边,Pen,Biān,Byeon,Hen,ㄅㄧㄢ,변,ヘン
314,扈,扈,Ghó,Hù,Ho,Ko,ㄏㄨˋ,호,コ
315,燕,燕,Qen,Yān,Yeon,En,ㄧㄢ,연,エン
316,冀,冀,Krì,Jì,Gi,Ki,ㄐㄧˋ,기,キ
317,郟,郏,Krep,Jiá,Gyeop,Kyô,ㄐㄧㄚˊ,겹,キョウ
318,浦,浦,Phó,Pǔ,Po,Ho,ㄆㄨˇ,포,ホ
319,尚,尚,Diàŋ,Shàng,Sang,Syô,ㄕㄤˋ,상,ショウ
320,農,农,Nuŋ,Nóng,Nong,Dô,ㄋㄨㄥˊ,농,ドウ
321,溫,温,Qun,Wēn,On,On,ㄨㄣ,온,オン
322,別,别,Briet,Bié,Byeol,Hetu,ㄅㄧㄝˊ,별,ヘツ
323,莊,庄,Criaŋ,Zhuāng,Jang,Syô,ㄓㄨㄤ,장,ショウ
324,晏,晏,Qràn,Yàn,An,An,ㄧㄢˋ,안,アン
325,柴,柴,Dzre,Chái,Si,Sai,ㄔㄞˊ,시,サイ
326,瞿,瞿,Gyo,Qú,Gu,Ku,ㄑㄩˊ,구,ク
327,閻,阎,Jiem,Yán,Yeom,En,ㄧㄢˊ,염,エン
328,充,充,Thyuŋ,Chōng,Chung,Syû,ㄔㄨㄥ,충,シュウ
329,慕,慕,Mò,Mù,Mo,Bo,ㄇㄨˋ,모,ボ
330,連,连,Lien,Lián,Ryeon,Ren,ㄌㄧㄢˊ,련,レン
331,茹,茹,Nio,Rú,Yeo,Zyo,ㄖㄨˊ,여,ジョ
332,習,习,Zip,Xí,Seup,Syû,ㄒㄧˊ,습,シュウ
333,宦,宦,Ghruàn,Huàn,Hwan,Kan,ㄏㄨㄢˋ,환,カン
334,艾,艾,Ŋài,Ài,Ae,Gai,ㄞˋ,애,ガイ
335,魚,鱼,Ŋio,Yú,Eo,Gyo,ㄩˊ,어,ギョ
336,容,容,Jyoŋ,Róng,Yong,Yô,ㄖㄨㄥˊ,용,ヨウ
337,向,向,Shiàŋ,Xiàng,Sang,Syô,ㄒㄧㄤˋ,상,ショウ
338,古,古,Kó,Gǔ,Go,Ko,ㄍㄨˇ,고,コ
339,易,易,Jiek,Yì,Yeok,Eki,ㄧˋ,역,エキ
340,愼,慎,Dìn,Shèn,Sin,Sin,ㄕㄣˋ,신,シン
341,戈,戈,Kua,Gē,Gwa,Ka,ㄍㄜ,과,カ
342,廖,廖,Lyù,Liào,Ryo,Ryû,ㄌㄧㄠˋ,료,リュウ
343,庾,庾,Jyó,Yǔ,Yu,Yu,ㄩˇ,유,ユ
344,終,终,Tyuŋ,Zhōng,Jong,Syû,ㄓㄨㄥ,종,シュウ
345,曁,暨,Kiət,Jì,Geul,Kitu,ㄐㄧˋ,글,キツ
346,居,居,Kio,Jū,Geo,Kyo,ㄐㄩ,거,キョ
347,衡,衡,Ghraŋ,Héng,Hyeong,Kô,ㄏㄥˊ,형,コウ
348,步,步,Bò,Bù,Bo,Ho,ㄅㄨˋ,보,ホ
349,都,都,To,Dū,Do,To,ㄉㄨ,도,ト
350,耿,耿,Kréŋ,Gěng,Gyeong,Kô,ㄍㄥˇ,경,コウ
351,滿,满,Mán,Mǎn,Man,Ban,ㄇㄢˇ,만,バン
352,弘,弘,Ghuəŋ,Hóng,Hong,Kô,ㄏㄨㄥˊ,홍,コウ
353,匡,匡,Khyaŋ,Kuāng,Gwang,Kyô,ㄎㄨㄤ,광,キョウ
354,國,国,Kuək,Guó,Guk,Koku,ㄍㄨㄛˊ,국,コク
355,文,文,Myun,Wén,Mun,Bun,ㄨㄣˊ,문,ブン
356,寇,寇,Khòu,Kòu,Gu,Kô,ㄎㄡˋ,구,コウ
357,廣,广,Kuáŋ,Guǎng,Gwang,Kô,ㄍㄨㄤˇ,광,コウ
358,祿,禄,Lok,Lù,Rok,Roku,ㄌㄨˋ,록,ロク
359,闕,阙,Khyat,Quē,Gwol,Ketu,ㄑㄩㄝ,궐,ケツ
360,東,东,Toŋ,Dōng,Dong,Tô,ㄉㄨㄥ,동,トウ
361,歐,欧,Qou,Ōu,Gu,Ô,ㄡ,구,オウ
362,殳,殳,Dyo,Shū,Su,Syu,ㄕㄨ,수,シュ
363,沃,沃,Quk,Wò,Ok,Oku,ㄨㄛˋ,옥,オク
364,利,利,Lì,Lì,Ri,Ri,ㄌㄧˋ,리,リ
365,蔚,蔚,Qyut,Wèi,Ul,Utu,ㄨㄟˋ,울,ウツ
366,越,越,Ghyat,Yuè,Wol,Etu,ㄩㄝˋ,월,エツ
367,夔,夔,Gryi,Kuí,Gi,Ki,ㄎㄨㄟˊ,기,キ
368,隆,隆,Lyuŋ,Lóng,Ryung,Ryû,ㄌㄨㄥˊ,륭,リュウ
369,師,师,Sri,Shī,Sa,Si,ㄕ,사,シ
370,鞏,巩,Kyóŋ,Gǒng,Gong,Kyô,ㄍㄨㄥˇ,공,キョウ
371,厙,厍,Shià,Shè,Sa,Sya,ㄕㄜˋ,사,シャ
372,聶,聂,Nriep,Niè,Seop,Zyô,ㄋㄧㄝˋ,섭,ジョウ
373,晁,晁,Drieu,Cháo,Jo,Tyô,ㄔㄠˊ,조,チョウ
374,句,句,Kou,Gōu,Gu,Kô,ㄍㄡ,구,コウ
375,敖,敖,Ŋau,Áo,O,Gô,ㄠˊ,오,ゴウ
376,融,融,Jyuŋ,Róng,Yung,Yû,ㄖㄨㄥˊ,융,ユウ
377,冷,冷,Léŋ,Lěng,Raeng,Rei,ㄌㄥˇ,랭,レイ
378,訾,訾,Cie,Zǐ,Ja,Si,ㄗˇ,자,シ
379,辛,辛,Sin,Xīn,Sin,Sin,ㄒㄧㄣ,신,シン
380,闞,阚,Khàm,Kàn,Ham,Kan,ㄎㄢˋ,함,カン
381,那,那,Na,Nā,Na,Da,ㄋㄚ,나,ダ
382,簡,简,Krén,Jiǎn,Gan,Kan,ㄐㄧㄢˇ,간,カン
383,饒,饶,Nieu,Ráo,Yo,Zyô,ㄖㄠˊ,요,ジョウ
384,空,空,Khoŋ,Kōng,Gong,Kô,ㄎㄨㄥ,공,コウ
385,曾,曾,Cəŋ,Zēng,Jeung,Sô,ㄗㄥ,증,ソウ
386,毋,毋,Myo,Wú,Mu,Bu,ㄨˊ,무,ブ
387,沙,沙,Sra,Shā,Sa,Sa,ㄕㄚ,사,サ
388,乜,乜,Miá,Niè,Mya,Ba,ㄋㄧㄝˋ,먀,バ
389,養,养,Jiáŋ,Yǎng,Yang,Yô,ㄧㄤˇ,양,ヨウ
390,鞠,鞠,Kyuk,Jū,Guk,Kiku,ㄐㄩ,국,キク
391,須,须,Syo,Xū,Su,Syu,ㄒㄩ,수,シュ
392,豐,丰,Phyuŋ,Fēng,Pung,Hô,ㄈㄥ,풍,ホウ
393,巢,巢,Dzrau,Cháo,So,Sô,ㄔㄠˊ,소,ソウ
394,關,关,Kruan,Guān,Gwan,Kan,ㄍㄨㄢ,관,カン
395,蒯,蒯,Khruèi,Kuǎi,Goe,Kai,ㄎㄨㄞˇ,괴,カイ
396,相,相,Siàŋ,Xiàng,Sang,Sô,ㄒㄧㄤˋ,상,ソウ
397,查,查,Dzra,Zhā,Sa,Sa,ㄓㄚ,사,サ
398,后,後,Ghóu,Hòu,Hu,Kô,ㄏㄡˋ,후,コウ
399,荊,荆,Krieŋ,Jīng,Hyeong,Kei,ㄐㄧㄥ,형,ケイ
400,紅,红,Ghoŋ,Hóng,Hong,Kô,ㄏㄨㄥˊ,홍,コウ
401,游,游,Jyu,Yóu,Yu,Yû,ㄧㄡˊ,유,ユウ
402,竺,竺,Tryuk,Zhú,Chuk,Tiku,ㄓㄨˊ,축,チク
403,權,权,Gryen,Quán,Gwon,Ken,ㄑㄩㄢˊ,권,ケン
404,逯,逯,Lyok,Lù,Rok,Ryoku,ㄌㄨˋ,록,リョク
405,蓋,盖,Kap,Gě,Gae,Kô,ㄍㄜˇ,개,コウ
406,益,益,Qiek,Yì,Ik,Eki,ㄧˋ,익,エキ
407,桓,桓,Ghuan,Huán,Hwan,Kan,ㄏㄨㄢˊ,환,カン
408,公,公,Koŋ,Gōng,Gong,Kô,ㄍㄨㄥ,공,コウ
409,万俟,万俟,Məkgiəi,Mòqí,Mukgi,Bokki,ㄇㄛˋㄑㄧˊ,묵기,ボッキ
410,司馬,司马,Siəmrá,Sīmǎ,Sama,Siba,ㄙㄇㄚˇ,사마,シバ
411,上官,上官,Diàŋkuan,Shàngguān,Sanggwan,Syôkan,ㄕㄤˋㄍㄨㄢ,상관,ショウカン
412,歐陽,欧阳,Qoujiaŋ,Ōuyáng,Guyang,Ôyô,ㄡㄧㄤˊ,구양,オウヨウ
413,夏侯,夏侯,Ghrághou,Xiàhóu,Hahu,Kakô,ㄒㄧㄚˋㄏㄡˊ,하후,カコウ
414,諸葛,诸葛,Tiokat,Zhūgě,Jegal,Syokatu,ㄓㄨㄍㄜˇ,제갈,ショカツ
415,聞人,闻人,Myunnin,Wénrén,Munin,Bunzin,ㄨㄣˊㄖㄣˊ,문인,ブンジン
416,東方,东方,Toŋpiaŋ,Dōngfāng,Dongbang,Tôhô,ㄉㄨㄥㄈㄤ,동방,トウホウ
417,赫連,赫连,Qhraklien,Hèlián,Hyeokryeon,Kakuren,ㄏㄜˋㄌㄧㄢˊ,혁련,カクレン
418,皇甫,皇甫,Ghuaŋpyó,Huángfǔ,Hwangbo,Kôhu,ㄏㄨㄤˊㄈㄨˇ,황보,コウフ
419,尉遲,尉迟,Qyutdri,Yùchí,Ulji,Utti,ㄩˋㄔˊ,울지,ウッチ
420,公羊,公羊,Koŋjiaŋ,Gōngyáng,Gongyang,Kôyô,ㄍㄨㄥㄧㄤˊ,공양,コウヨウ
421,澹臺,澹台,Damdəi,Tántái,Damdae,Tantai,ㄊㄢˊㄊㄞˊ,담대,タンタイ
422,公冶,公冶,Koŋjiá,Gōngyě,Gongya,Kôya,ㄍㄨㄥㄧㄝˇ,공야,コウヤ
423,宗政,宗政,Cuŋtièŋ,Zōngzhèng,Jongjeong,Sôsei,ㄗㄨㄥㄓㄥˋ,종정,ソウセイ
424,濮陽,濮阳,Pokjiaŋ,Púyáng,Bogyang,Hokuyô,ㄆㄨˊㄧㄤˊ,복양,ホクヨウ
425,淳于,淳于,Dynghyo,Chúnyú,Sunu,Syun’u,ㄔㄨㄣˊㄩˊ,순우,シュンウ
426,單于,单于,Dienghyo,Chányú,Seonu,Sen’u,ㄔㄢˊㄩˊ,선우,センウ
427,太叔,太叔,Thàishyuk,Tàishū,Taesuk,Taisyuku,ㄊㄞˋㄕㄨ,태숙,タイシュク
428,申屠,申屠,Shindo,Shēntú,Sindo,Sinto,ㄕㄣㄊㄨˊ,신도,シント
429,公孫,公孙,Koŋsun,Gōngsūn,Gongson,Kôson,ㄍㄨㄥㄙㄨㄣ,공손,コウソン
430,仲孫,仲孙,Dryùŋsun,Zhòngsūn,Jungson,Tyûson,ㄓㄨㄥˋㄙㄨㄣ,중손,チュウソン
431,軒轅,轩辕,Qhianghyan,Xuānyuán,Heonwon,Ken’en,ㄒㄩㄢㄩㄢˊ,헌원,ケンエン
432,令狐,令狐,Leŋgho,Línghú,Ryeongho,Reiko,ㄌㄧㄥˊㄏㄨˊ,령호,レイコ
433,鍾離,钟离,Tyoŋlie,Zhōnglí,Jongri,Syôri,ㄓㄨㄥㄌㄧˊ,종리,ショウリ
434,宇文,宇文,Ghyómyun,Yǔwén,Umun,Ubun,ㄩˇㄨㄣˊ,우문,ウブン
435,長孫,长孙,Triáŋsun,Zhǎngsūn,Jangson,Tyôson,ㄓㄤˇㄙㄨㄣ,장손,チョウソン
436,慕容,慕容,Mòjyoŋ,Mùróng,Moyong,Boyô,ㄇㄨˋㄖㄨㄥˊ,모용,ボヨウ
437,鮮于,鲜于,Sienghyo,Xiānyú,Seonu,Sen’u,ㄒㄧㄢㄩˊ,선우,センウ
438,閭丘,闾丘,Liokhyu,Lǘqiū,Ryeogu,Ryokyû,ㄌㄩˊㄑㄧㄡ,려구,リョキュウ
439,司徒,司徒,Siədo,Sītú,Sado,Sito,ㄙㄊㄨˊ,사도,シト
440,司空,司空,Siəkhoŋ,Sīkōng,Sagong,Sikô,ㄙㄎㄨㄥ,사공,シコウ
441,亓官,亓官,Giəkuan,Qíguān,Gigwan,Kikan,ㄑㄧˊㄍㄨㄢ,기관,キカン
442,司寇,司寇,Siəkhòu,Sīkòu,Sagu,Sikô,ㄙㄎㄡˋ,사구,シコウ
443,仉,仉,Tiáŋ,Zhǎng,Jang,Syô,ㄓㄤˇ,장,ショウ
444,督,督,Tuk,Dū,Dok,Toku,ㄉㄨ,독,トク
445,子車,子车,Ciə́thia,Zǐchē,Jacha,Sisya,ㄗˇㄔㄜ,자차,シシャ
446,顓孫,颛孙,Tyensun,Zhuānsūn,Jeonson,Senson,ㄓㄨㄢㄙㄨㄣ,전손,センソン
447,端木,端木,Tuanmok,Duānmù,Danmok,Tanboku,ㄉㄨㄢㄇㄨˋ,단목,タンボク
448,巫馬,巫马,Myomrá,Wūmǎ,Muma,Buba,ㄨㄇㄚˇ,무마,ブバ
449,公西,公西,Koŋsei,Gōngxī,Gongseo,Kôsei,ㄍㄨㄥㄒㄧ,공서,コウセイ
450,漆雕,漆雕,Chitteu,Qīdiāo,Chiljo,Sittyô,ㄑㄧㄉㄧㄠ,칠조,シッチョウ
451,樂正,乐正,Ŋroktièŋ,Yuèzhèng,Akjeong,Gassei,ㄩㄝˋㄓㄥˋ,악정,ガッセイ
452,壤駟,壤驷,Niáŋsì,Rǎngsì,Yangsa,Zyôsi,ㄖㄤˇㄙˋ,양사,ジョウシ
453,公良,公良,Koŋliaŋ,Gōngliáng,Gongryang,Kôryô,ㄍㄨㄥㄌㄧㄤˊ,공량,コウリョウ
454,拓跋,拓跋,Thakbat,Tuòbá,Cheokbal,Takuhatu,ㄊㄨㄛˋㄅㄚˊ,척발,タクハツ
455,夾谷,夹谷,Krepkok,Jiágǔ,Hyeopgok,Kyôkoku,ㄐㄧㄚˊㄍㄨˇ,협곡,キョウコク
456,宰父,宰父,Cə́ipyó,Zǎifǔ,Jaebu,Saihu,ㄗㄞˇㄈㄨˇ,재부,サイフ
457,穀梁,谷梁,Kokliaŋ,Gǔliáng,Gokryang,Kokuryô,ㄍㄨˇㄌㄧㄤˊ,곡량,コクリョウ
458,晉,晋,Cìn,Jìn,Jin,Sin,ㄐㄧㄣˋ,진,シン
459,楚,楚,Chrió,Chǔ,Cho,So,ㄔㄨˇ,초,ソ
460,閆,闫,Jiem,Yán,Yeom,En,ㄧㄢˊ,염,エン
461,法,法,Pyop,Fǎ,Beop,Hô,ㄈㄚˇ,법,ホウ
462,汝,汝,Nió,Rǔ,Yeo,Zyo,ㄖㄨˇ,여,ジョ
463,鄢,鄢,Qrien,Yān,Eon,En,ㄧㄢ,언,エン
464,涂,涂,Do,Tú,Do,To,ㄊㄨˊ,도,ト
465,欽,钦,Khrim,Qīn,Heum,Kin,ㄑㄧㄣ,흠,キン
466,段干,段干,Duànkan,Duàngān,Dan-gan,Dankan,ㄉㄨㄢˋ ㄍㄢ,단간,ダンカン
467,百里,百里,Prakliə́,Bǎilǐ,Baekri,Hakuri,ㄅㄞˇㄌㄧˇ,백리,ハクリ
468,東郭,东郭,Toŋkuak,Dōngguō,Donggwak,Tôkaku,ㄉㄨㄥㄍㄨㄛ,동곽,トウカク
469,南門,南门,Nəmmun,Nánmén,Nammun,Danbon,ㄋㄢˊㄇㄣˊ,남문,ダンボン
470,呼延,呼延,Qhojien,Hūyán,Hoyeon,Koen,ㄏㄨㄧㄢˊ,호연,コエン
471,歸,归,Kyui,Guī,Gwi,Ki,ㄍㄨㄟ,귀,キ
472,海,海,Qhə́i,Hǎi,Hae,Kai,ㄏㄞˇ,해,カイ
473,羊舌,羊舌,Jiaŋzhiet,Yángshé,Yangseol,Yôsetu,ㄧㄤˊㄕㄜˊ,양설,ヨウセツ
474,微生,微生,Myuisrieŋ,Wēishēng,Misaeng,Bisei,ㄨㄟㄕㄥ,미생,ビセイ
475,岳,岳,Ŋrok,Yuè,Ak,Gaku,ㄩㄝˋ,악,ガク
476,帥,帅,Sryt,Shuài,Sol,Syutu,ㄕㄨㄞˋ,솔,シュツ
477,緱,缑,Kou,Gōu,Gu,Kô,ㄍㄡ,구,コウ
478,亢,亢,Khàŋ,Kàng,Hang,Kô,ㄎㄤˋ,항,コウ
479,況,况,Qhyàŋ,Kuàng,Hwang,Kyô,ㄎㄨㄤˋ,황,キョウ
480,後,后,Ghóu,Hòu,Hu,Kô,ㄏㄡˋ,후,コウ
481,有,有,Ghyú,Yǒu,Yu,Yû,ㄧㄡˇ,유,ユウ
482,琴,琴,Grim,Qín,Geum,Kin,ㄑㄧㄣˊ,금,キン
483,梁丘,梁丘,Liaŋkhyu,Liángqiū,Ryanggu,Ryôkyû,ㄌㄧㄤˊㄑㄧㄡ,량구,リョウキュウ
484,左丘,左丘,Cákhyu,Zuǒqiū,Jwagu,Sakyû,ㄗㄨㄛˇㄑㄧㄡ,좌구,サキュウ
485,東門,东门,Toŋmun,Dōngmén,Dongmun,Tôbon,ㄉㄨㄥㄇㄣˊ,동문,トウボン
486,西門,西门,Seimun,Xīmén,Seomun,Seibon,ㄒㄧㄇㄣˊ,서문,セイボン
487,商,商,Shiaŋ,Shāng,Sang,Syô,ㄕㄤ,상,ショウ
488,牟,牟,Myu,Móu,Mo,Bu,ㄇㄡˊ,모,ブ
489,佘,佘,Dia,Shé,Sa,Sya,ㄕㄜˊ,사,シャ
490,佴,佴,Nə̀i,Nài,Nae,Zei,ㄋㄞˋ,내,ゼイ
491,伯,伯,Prak,Bó,Baek,Haku,ㄅㄛˊ,백,ハク
492,賞,赏,Shiáŋ,Shǎng,Sang,Syô,ㄕㄤˇ,상,ショウ
493,南宮,南宫,Nəmkyuŋ,Nángōng,Namgung,Dankyû,ㄋㄢˊㄍㄨㄥ,남궁,ダンキュウ
494,墨,墨,Mək,Mò,Muk,Boku,ㄇㄛˋ,묵,ボク
495,哈,哈,Ŋəp,Hǎ,Hap,Gô,ㄏㄚˇ,합,ゴウ
496,譙,谯,Dzieu,Qiáo,Cho,Syô,ㄑㄧㄠˊ,초,ショウ
497,笪,笪,Tat,Dá,Dal,Tatu,ㄉㄚˊ,달,タツ
498,年,年,Nen,Nián,Nyeon,Den,ㄋㄧㄢˊ,년,デン
499,愛,爱,Qəi,Āi,Ae,Ai,ㄞ,애,アイ
500,陽,阳,Jiaŋ,Yáng,Yang,Yô,ㄧㄤˊ,양,ヨウ
501,佟,佟,Duŋ,Tóng,Tung,Tô,ㄊㄨㄥˊ,퉁,トウ
502,第五,第五,Dèiŋó,Dìwǔ,Je-o,Teigo,ㄉㄧˋㄨˇ,제오,テイゴ
503,言,言,Ŋian,Yán,Eon,Gen,ㄧㄢˊ,언,ゲン
504,福,福,Pyuk,Fú,Bok,Huku,ㄈㄨˊ,복,フク
